scenario,slope,slope_se,slope_p,folder,run_number,outslope
fixed_no_var,-0.199292471,0.113542866,0.094529014,F:/patoine/derived/resampe500_patoine_fjoin/resample1_pred_all_vars/resample1_all_1992.rds,1,-3.443333953
fixed_no_var,-0.090895538,0.042243203,0.043817061,F:/patoine/derived/resampe500_patoine_fjoin/resample10_pred_all_vars/resample10_all_1992.rds,10,-3.42533744
fixed_no_var,-0.150154478,0.062830257,0.026815716,F:/patoine/derived/resampe500_patoine_fjoin/resample100_pred_all_vars/resample100_all_1992.rds,100,-2.953465066
fixed_no_var,-0.078789284,0.033947589,0.030973217,F:/patoine/derived/resampe500_patoine_fjoin/resample11_pred_all_vars/resample11_all_1992.rds,11,-1.830067294
fixed_no_var,-0.191629258,0.07258306,0.015699473,F:/patoine/derived/resampe500_patoine_fjoin/resample12_pred_all_vars/resample12_all_1992.rds,12,-2.751574296
fixed_no_var,-0.09451341,0.030043625,0.005086376,F:/patoine/derived/resampe500_patoine_fjoin/resample13_pred_all_vars/resample13_all_1992.rds,13,-2.257511151
fixed_no_var,-0.248070565,0.124601206,0.06032926,F:/patoine/derived/resampe500_patoine_fjoin/resample14_pred_all_vars/resample14_all_1992.rds,14,-3.749139266
fixed_no_var,-0.157661199,0.085501295,0.080055786,F:/patoine/derived/resampe500_patoine_fjoin/resample15_pred_all_vars/resample15_all_1992.rds,15,-2.274420338
fixed_no_var,-0.113126367,0.040596696,0.011389636,F:/patoine/derived/resampe500_patoine_fjoin/resample16_pred_all_vars/resample16_all_1992.rds,16,-2.048198735
fixed_no_var,-0.169786139,0.047327137,0.001841015,F:/patoine/derived/resampe500_patoine_fjoin/resample17_pred_all_vars/resample17_all_1992.rds,17,-2.331733444
fixed_no_var,-0.023008279,0.014553891,0.129586485,F:/patoine/derived/resampe500_patoine_fjoin/resample18_pred_all_vars/resample18_all_1992.rds,18,-1.827542324
fixed_no_var,-0.201563553,0.086029603,0.029582828,F:/patoine/derived/resampe500_patoine_fjoin/resample19_pred_all_vars/resample19_all_1992.rds,19,-2.416572271
fixed_no_var,-0.339390528,0.155796863,0.041511289,F:/patoine/derived/resampe500_patoine_fjoin/resample2_pred_all_vars/resample2_all_1992.rds,2,-4.357630569
fixed_no_var,-0.190517916,0.091260758,0.049834881,F:/patoine/derived/resampe500_patoine_fjoin/resample20_pred_all_vars/resample20_all_1992.rds,20,-3.124995751
fixed_no_var,-0.294670118,0.145941247,0.057083242,F:/patoine/derived/resampe500_patoine_fjoin/resample21_pred_all_vars/resample21_all_1992.rds,21,-3.327254625
fixed_no_var,-0.162098718,0.066703296,0.024631365,F:/patoine/derived/resampe500_patoine_fjoin/resample22_pred_all_vars/resample22_all_1992.rds,22,-4.625307798
fixed_no_var,-0.131773891,0.038442397,0.002664652,F:/patoine/derived/resampe500_patoine_fjoin/resample23_pred_all_vars/resample23_all_1992.rds,23,-1.855372829
fixed_no_var,-0.065603573,0.02221959,0.0078726,F:/patoine/derived/resampe500_patoine_fjoin/resample24_pred_all_vars/resample24_all_1992.rds,24,-1.871672324
fixed_no_var,-0.043088641,0.032562141,0.200673677,F:/patoine/derived/resampe500_patoine_fjoin/resample25_pred_all_vars/resample25_all_1992.rds,25,-1.786007822
fixed_no_var,-0.275932869,0.095406205,0.00900968,F:/patoine/derived/resampe500_patoine_fjoin/resample26_pred_all_vars/resample26_all_1992.rds,26,-2.886011875
fixed_no_var,-0.230514295,0.088235492,0.016670131,F:/patoine/derived/resampe500_patoine_fjoin/resample27_pred_all_vars/resample27_all_1992.rds,27,-2.576453353
fixed_no_var,-0.031331377,0.017105846,0.08194567,F:/patoine/derived/resampe500_patoine_fjoin/resample28_pred_all_vars/resample28_all_1992.rds,28,-1.582815741
fixed_no_var,-0.244496823,0.106880358,0.033190417,F:/patoine/derived/resampe500_patoine_fjoin/resample29_pred_all_vars/resample29_all_1992.rds,29,-3.943395319
fixed_no_var,-0.412541933,0.187152701,0.039381348,F:/patoine/derived/resampe500_patoine_fjoin/resample3_pred_all_vars/resample3_all_1992.rds,3,-4.901876508
fixed_no_var,-0.210615771,0.042861133,8.38E-05,F:/patoine/derived/resampe500_patoine_fjoin/resample30_pred_all_vars/resample30_all_1992.rds,30,-3.412244738
fixed_no_var,-0.165198947,0.066829717,0.02254213,F:/patoine/derived/resampe500_patoine_fjoin/resample31_pred_all_vars/resample31_all_1992.rds,31,-3.350199963
fixed_no_var,-0.15418354,0.044975558,0.002662588,F:/patoine/derived/resampe500_patoine_fjoin/resample32_pred_all_vars/resample32_all_1992.rds,32,-3.034585508
fixed_no_var,-0.28107057,0.137423281,0.054208001,F:/patoine/derived/resampe500_patoine_fjoin/resample33_pred_all_vars/resample33_all_1992.rds,33,-3.657170428
fixed_no_var,-0.199570276,0.091063173,0.040417345,F:/patoine/derived/resampe500_patoine_fjoin/resample34_pred_all_vars/resample34_all_1992.rds,34,-3.09795514
fixed_no_var,-0.191295884,0.091245244,0.048958776,F:/patoine/derived/resampe500_patoine_fjoin/resample35_pred_all_vars/resample35_all_1992.rds,35,-2.127756461
fixed_no_var,-0.27874649,0.147234439,0.072889974,F:/patoine/derived/resampe500_patoine_fjoin/resample36_pred_all_vars/resample36_all_1992.rds,36,-4.361912855
fixed_no_var,-0.215803177,0.121554642,0.091059226,F:/patoine/derived/resampe500_patoine_fjoin/resample37_pred_all_vars/resample37_all_1992.rds,37,-4.023769094
fixed_no_var,-0.303504791,0.124184524,0.023920447,F:/patoine/derived/resampe500_patoine_fjoin/resample38_pred_all_vars/resample38_all_1992.rds,38,-4.013864156
fixed_no_var,-0.327483852,0.127168063,0.018069055,F:/patoine/derived/resampe500_patoine_fjoin/resample39_pred_all_vars/resample39_all_1992.rds,39,-3.485478726
fixed_no_var,-0.25242814,0.093311779,0.013621694,F:/patoine/derived/resampe500_patoine_fjoin/resample4_pred_all_vars/resample4_all_1992.rds,4,-3.147168816
fixed_no_var,-0.120669959,0.037147163,0.004025089,F:/patoine/derived/resampe500_patoine_fjoin/resample40_pred_all_vars/resample40_all_1992.rds,40,-2.598665386
fixed_no_var,-0.119128912,0.034358664,0.002432845,F:/patoine/derived/resampe500_patoine_fjoin/resample41_pred_all_vars/resample41_all_1992.rds,41,-2.189564818
fixed_no_var,-0.252746492,0.159100465,0.127835498,F:/patoine/derived/resampe500_patoine_fjoin/resample42_pred_all_vars/resample42_all_1992.rds,42,-2.338306947
fixed_no_var,-0.410787024,0.246779693,0.111583929,F:/patoine/derived/resampe500_patoine_fjoin/resample43_pred_all_vars/resample43_all_1992.rds,43,-3.351468639
fixed_no_var,-0.267030382,0.148532985,0.087326106,F:/patoine/derived/resampe500_patoine_fjoin/resample44_pred_all_vars/resample44_all_1992.rds,44,-3.584916389
fixed_no_var,-0.191950669,0.077860781,0.022862239,F:/patoine/derived/resampe500_patoine_fjoin/resample45_pred_all_vars/resample45_all_1992.rds,45,-2.810829128
fixed_no_var,-0.186831252,0.069544485,0.014190777,F:/patoine/derived/resampe500_patoine_fjoin/resample46_pred_all_vars/resample46_all_1992.rds,46,-2.184129405
fixed_no_var,-0.176286959,0.078846766,0.036923821,F:/patoine/derived/resampe500_patoine_fjoin/resample47_pred_all_vars/resample47_all_1992.rds,47,-2.892604019
fixed_no_var,-0.28295612,0.126747464,0.037180324,F:/patoine/derived/resampe500_patoine_fjoin/resample48_pred_all_vars/resample48_all_1992.rds,48,-2.902062736
fixed_no_var,-0.218855266,0.082094535,0.014843552,F:/patoine/derived/resampe500_patoine_fjoin/resample49_pred_all_vars/resample49_all_1992.rds,49,-2.717609404
fixed_no_var,-0.206384913,0.097950466,0.047937946,F:/patoine/derived/resampe500_patoine_fjoin/resample5_pred_all_vars/resample5_all_1992.rds,5,-3.527648291
fixed_no_var,-0.055131347,0.01767341,0.005401141,F:/patoine/derived/resampe500_patoine_fjoin/resample50_pred_all_vars/resample50_all_1992.rds,50,-2.018399249
fixed_no_var,-0.362294803,0.184077539,0.06306864,F:/patoine/derived/resampe500_patoine_fjoin/resample51_pred_all_vars/resample51_all_1992.rds,51,-5.036610647
fixed_no_var,-0.326427137,0.133659979,0.024009897,F:/patoine/derived/resampe500_patoine_fjoin/resample52_pred_all_vars/resample52_all_1992.rds,52,-2.475940152
fixed_no_var,-0.272589938,0.116777525,0.030123756,F:/patoine/derived/resampe500_patoine_fjoin/resample53_pred_all_vars/resample53_all_1992.rds,53,-2.820190564
fixed_no_var,-0.275601557,0.118730099,0.030951664,F:/patoine/derived/resampe500_patoine_fjoin/resample54_pred_all_vars/resample54_all_1992.rds,54,-3.525635857
fixed_no_var,-0.078545315,0.025208728,0.005446124,F:/patoine/derived/resampe500_patoine_fjoin/resample55_pred_all_vars/resample55_all_1992.rds,55,-2.040429097
fixed_no_var,-0.324923915,0.151434615,0.04435832,F:/patoine/derived/resampe500_patoine_fjoin/resample56_pred_all_vars/resample56_all_1992.rds,56,-3.389416427
fixed_no_var,-0.124517901,0.030728651,0.000622717,F:/patoine/derived/resampe500_patoine_fjoin/resample57_pred_all_vars/resample57_all_1992.rds,57,-1.92615588
fixed_no_var,-0.166415427,0.074826865,0.037828023,F:/patoine/derived/resampe500_patoine_fjoin/resample58_pred_all_vars/resample58_all_1992.rds,58,-3.046693493
fixed_no_var,-0.13608786,0.047023785,0.008972936,F:/patoine/derived/resampe500_patoine_fjoin/resample59_pred_all_vars/resample59_all_1992.rds,59,-1.90373241
fixed_no_var,0.054192798,0.031070556,0.096477561,F:/patoine/derived/resampe500_patoine_fjoin/resample6_pred_all_vars/resample6_all_1992.rds,6,-1.656956774
fixed_no_var,-0.052335777,0.019701023,0.015150443,F:/patoine/derived/resampe500_patoine_fjoin/resample60_pred_all_vars/resample60_all_1992.rds,60,-2.75877317
fixed_no_var,-0.36741425,0.206888912,0.090967446,F:/patoine/derived/resampe500_patoine_fjoin/resample61_pred_all_vars/resample61_all_1992.rds,61,-5.058285046
fixed_no_var,-0.181489806,0.085215953,0.045799925,F:/patoine/derived/resampe500_patoine_fjoin/resample62_pred_all_vars/resample62_all_1992.rds,62,-2.257144205
fixed_no_var,-0.090378168,0.035514333,0.019289457,F:/patoine/derived/resampe500_patoine_fjoin/resample63_pred_all_vars/resample63_all_1992.rds,63,-2.908881449
fixed_no_var,-0.089909699,0.031704921,0.010213416,F:/patoine/derived/resampe500_patoine_fjoin/resample64_pred_all_vars/resample64_all_1992.rds,64,-1.851141542
fixed_no_var,-0.226042304,0.113973783,0.061236216,F:/patoine/derived/resampe500_patoine_fjoin/resample65_pred_all_vars/resample65_all_1992.rds,65,-3.026561041
fixed_no_var,-0.125317683,0.049352931,0.019523711,F:/patoine/derived/resampe500_patoine_fjoin/resample66_pred_all_vars/resample66_all_1992.rds,66,-3.660346296
fixed_no_var,-0.172843605,0.076865903,0.035964733,F:/patoine/derived/resampe500_patoine_fjoin/resample67_pred_all_vars/resample67_all_1992.rds,67,-2.965088277
fixed_no_var,-0.257990039,0.100324763,0.018212039,F:/patoine/derived/resampe500_patoine_fjoin/resample68_pred_all_vars/resample68_all_1992.rds,68,-4.150179433
fixed_no_var,-0.213882956,0.089625206,0.027009599,F:/patoine/derived/resampe500_patoine_fjoin/resample69_pred_all_vars/resample69_all_1992.rds,69,-3.761359222
fixed_no_var,-0.285369326,0.161532047,0.0925472,F:/patoine/derived/resampe500_patoine_fjoin/resample7_pred_all_vars/resample7_all_1992.rds,7,-4.099948301
fixed_no_var,-0.337430686,0.178832279,0.073782371,F:/patoine/derived/resampe500_patoine_fjoin/resample70_pred_all_vars/resample70_all_1992.rds,70,-3.848011103
fixed_no_var,-0.072944599,0.023512926,0.005615267,F:/patoine/derived/resampe500_patoine_fjoin/resample71_pred_all_vars/resample71_all_1992.rds,71,-1.826188987
fixed_no_var,-0.323047553,0.123055362,0.016216307,F:/patoine/derived/resampe500_patoine_fjoin/resample72_pred_all_vars/resample72_all_1992.rds,72,-4.171714729
fixed_no_var,-0.211850785,0.074055883,0.009664604,F:/patoine/derived/resampe500_patoine_fjoin/resample73_pred_all_vars/resample73_all_1992.rds,73,-3.307628554
fixed_no_var,-0.113334941,0.037289146,0.006475162,F:/patoine/derived/resampe500_patoine_fjoin/resample74_pred_all_vars/resample74_all_1992.rds,74,-2.666262248
fixed_no_var,-0.157942344,0.066490388,0.027640469,F:/patoine/derived/resampe500_patoine_fjoin/resample75_pred_all_vars/resample75_all_1992.rds,75,-3.920233703
fixed_no_var,-0.260709799,0.094939064,0.012453393,F:/patoine/derived/resampe500_patoine_fjoin/resample76_pred_all_vars/resample76_all_1992.rds,76,-4.595542939
fixed_no_var,-0.2416625,0.134488778,0.087471352,F:/patoine/derived/resampe500_patoine_fjoin/resample77_pred_all_vars/resample77_all_1992.rds,77,-3.76060132
fixed_no_var,-0.164938079,0.044750519,0.001465118,F:/patoine/derived/resampe500_patoine_fjoin/resample78_pred_all_vars/resample78_all_1992.rds,78,-1.938318911
fixed_no_var,-0.313344849,0.118362422,0.015455732,F:/patoine/derived/resampe500_patoine_fjoin/resample79_pred_all_vars/resample79_all_1992.rds,79,-2.949851205
fixed_no_var,-0.226087523,0.123701671,0.082556146,F:/patoine/derived/resampe500_patoine_fjoin/resample8_pred_all_vars/resample8_all_1992.rds,8,-5.192401642
fixed_no_var,-0.245765125,0.101519025,0.0251185,F:/patoine/derived/resampe500_patoine_fjoin/resample80_pred_all_vars/resample80_all_1992.rds,80,-3.58710777
fixed_no_var,-0.324495372,0.156831002,0.051710031,F:/patoine/derived/resampe500_patoine_fjoin/resample81_pred_all_vars/resample81_all_1992.rds,81,-2.842671792
fixed_no_var,-0.019566118,0.013216327,0.154334962,F:/patoine/derived/resampe500_patoine_fjoin/resample82_pred_all_vars/resample82_all_1992.rds,82,-1.401790969
fixed_no_var,-0.289729718,0.141157625,0.053436914,F:/patoine/derived/resampe500_patoine_fjoin/resample83_pred_all_vars/resample83_all_1992.rds,83,-2.876995995
fixed_no_var,-0.333092163,0.158276837,0.048182638,F:/patoine/derived/resampe500_patoine_fjoin/resample84_pred_all_vars/resample84_all_1992.rds,84,-3.277296386
fixed_no_var,-0.055172165,0.032667492,0.106769542,F:/patoine/derived/resampe500_patoine_fjoin/resample85_pred_all_vars/resample85_all_1992.rds,85,-1.809023927
fixed_no_var,-0.177623771,0.067025485,0.015363233,F:/patoine/derived/resampe500_patoine_fjoin/resample86_pred_all_vars/resample86_all_1992.rds,86,-3.623883247
fixed_no_var,-0.029078697,0.015322805,0.072260881,F:/patoine/derived/resampe500_patoine_fjoin/resample87_pred_all_vars/resample87_all_1992.rds,87,-2.328387668
fixed_no_var,-0.176755039,0.075163968,0.029054031,F:/patoine/derived/resampe500_patoine_fjoin/resample88_pred_all_vars/resample88_all_1992.rds,88,-3.226787736
fixed_no_var,-0.251224185,0.080298903,0.005289913,F:/patoine/derived/resampe500_patoine_fjoin/resample89_pred_all_vars/resample89_all_1992.rds,89,-4.302761512
fixed_no_var,-0.287487191,0.1351081,0.045978271,F:/patoine/derived/resampe500_patoine_fjoin/resample9_pred_all_vars/resample9_all_1992.rds,9,-2.738312773
fixed_no_var,-0.222883707,0.10995294,0.056192826,F:/patoine/derived/resampe500_patoine_fjoin/resample90_pred_all_vars/resample90_all_1992.rds,90,-2.35433097
fixed_no_var,-0.306521552,0.143096762,0.044679811,F:/patoine/derived/resampe500_patoine_fjoin/resample91_pred_all_vars/resample91_all_1992.rds,91,-2.646304183
fixed_no_var,-0.196386188,0.092599039,0.046630333,F:/patoine/derived/resampe500_patoine_fjoin/resample92_pred_all_vars/resample92_all_1992.rds,92,-2.274137383
fixed_no_var,-0.224370042,0.100148389,0.036580149,F:/patoine/derived/resampe500_patoine_fjoin/resample93_pred_all_vars/resample93_all_1992.rds,93,-2.896442523
fixed_no_var,-0.214869484,0.085939912,0.021223153,F:/patoine/derived/resampe500_patoine_fjoin/resample94_pred_all_vars/resample94_all_1992.rds,94,-3.268777902
fixed_no_var,-0.179392116,0.086853771,0.052084094,F:/patoine/derived/resampe500_patoine_fjoin/resample95_pred_all_vars/resample95_all_1992.rds,95,-2.698578261
fixed_no_var,-0.366441065,0.152697049,0.026260403,F:/patoine/derived/resampe500_patoine_fjoin/resample96_pred_all_vars/resample96_all_1992.rds,96,-4.703164142
fixed_no_var,-0.232707538,0.111705522,0.050273977,F:/patoine/derived/resampe500_patoine_fjoin/resample97_pred_all_vars/resample97_all_1992.rds,97,-2.754668923
fixed_no_var,-0.390176536,0.21554083,0.085313757,F:/patoine/derived/resampe500_patoine_fjoin/resample98_pred_all_vars/resample98_all_1992.rds,98,-2.874337267
fixed_no_var,-0.085045334,0.026001744,0.00382447,F:/patoine/derived/resampe500_patoine_fjoin/resample99_pred_all_vars/resample99_all_1992.rds,99,-2.378998216
fixed_no_var,-0.291904051,0.155565556,0.075269627,E:/patoine/resampe500_patoine_fjoin_2nd/resample1_pred_all_vars/resample1_all_1992.rds,101,-3.004549638
fixed_no_var,-0.212786923,0.089261343,0.027154715,E:/patoine/resampe500_patoine_fjoin_2nd/resample10_pred_all_vars/resample10_all_1992.rds,110,-2.761376773
fixed_no_var,-0.23851407,0.095246479,0.02104494,E:/patoine/resampe500_patoine_fjoin_2nd/resample100_pred_all_vars/resample100_all_1992.rds,200,-3.93145219
fixed_no_var,-0.249592898,0.081681253,0.006240508,E:/patoine/resampe500_patoine_fjoin_2nd/resample11_pred_all_vars/resample11_all_1992.rds,111,-2.490454526
fixed_no_var,-0.187232938,0.078538655,0.027149308,E:/patoine/resampe500_patoine_fjoin_2nd/resample12_pred_all_vars/resample12_all_1992.rds,112,-3.115061131
fixed_no_var,-0.218558817,0.077325759,0.010427666,E:/patoine/resampe500_patoine_fjoin_2nd/resample13_pred_all_vars/resample13_all_1992.rds,113,-3.398484822
fixed_no_var,-0.310579703,0.132002872,0.028979281,E:/patoine/resampe500_patoine_fjoin_2nd/resample14_pred_all_vars/resample14_all_1992.rds,114,-2.912492638
fixed_no_var,-0.407702817,0.204933031,0.06050324,E:/patoine/resampe500_patoine_fjoin_2nd/resample15_pred_all_vars/resample15_all_1992.rds,115,-4.179135054
fixed_no_var,-0.233028511,0.122743049,0.072154723,E:/patoine/resampe500_patoine_fjoin_2nd/resample16_pred_all_vars/resample16_all_1992.rds,116,-3.166946279
fixed_no_var,-0.239116191,0.080774153,0.007736143,E:/patoine/resampe500_patoine_fjoin_2nd/resample17_pred_all_vars/resample17_all_1992.rds,117,-2.985894029
fixed_no_var,-0.232852445,0.124351419,0.075827034,E:/patoine/resampe500_patoine_fjoin_2nd/resample18_pred_all_vars/resample18_all_1992.rds,118,-3.524623637
fixed_no_var,-0.06771116,0.021512805,0.00506779,E:/patoine/resampe500_patoine_fjoin_2nd/resample19_pred_all_vars/resample19_all_1992.rds,119,-1.941155327
fixed_no_var,-0.334763264,0.137413192,0.024318938,E:/patoine/resampe500_patoine_fjoin_2nd/resample2_pred_all_vars/resample2_all_1992.rds,102,-2.964432905
fixed_no_var,-0.34108518,0.15895287,0.044341539,E:/patoine/resampe500_patoine_fjoin_2nd/resample20_pred_all_vars/resample20_all_1992.rds,120,-2.680090215
fixed_no_var,-0.157967935,0.081557031,0.067012897,E:/patoine/resampe500_patoine_fjoin_2nd/resample21_pred_all_vars/resample21_all_1992.rds,121,-2.457395175
fixed_no_var,-0.268434657,0.145906596,0.080693268,E:/patoine/resampe500_patoine_fjoin_2nd/resample22_pred_all_vars/resample22_all_1992.rds,122,-2.462044884
fixed_no_var,-0.297899225,0.129257152,0.032033586,E:/patoine/resampe500_patoine_fjoin_2nd/resample23_pred_all_vars/resample23_all_1992.rds,123,-4.061411651
fixed_no_var,-0.319990285,0.150263665,0.045821849,E:/patoine/resampe500_patoine_fjoin_2nd/resample24_pred_all_vars/resample24_all_1992.rds,124,-3.430351389
fixed_no_var,-0.118626461,0.036026478,0.003636314,E:/patoine/resampe500_patoine_fjoin_2nd/resample25_pred_all_vars/resample25_all_1992.rds,125,-2.440878989
fixed_no_var,-0.235367607,0.083017138,0.010228364,E:/patoine/resampe500_patoine_fjoin_2nd/resample26_pred_all_vars/resample26_all_1992.rds,126,-4.264615038
fixed_no_var,-0.275468606,0.109946048,0.020986044,E:/patoine/resampe500_patoine_fjoin_2nd/resample27_pred_all_vars/resample27_all_1992.rds,127,-2.521556147
fixed_no_var,-0.245788942,0.126128597,0.065497187,E:/patoine/resampe500_patoine_fjoin_2nd/resample28_pred_all_vars/resample28_all_1992.rds,128,-2.961045067
fixed_no_var,-0.122102998,0.037374815,0.00385764,E:/patoine/resampe500_patoine_fjoin_2nd/resample29_pred_all_vars/resample29_all_1992.rds,129,-2.554257836
fixed_no_var,-0.101381099,0.024032594,0.000422079,E:/patoine/resampe500_patoine_fjoin_2nd/resample3_pred_all_vars/resample3_all_1992.rds,103,-2.662780133
fixed_no_var,-0.444819483,0.236142693,0.074230231,E:/patoine/resampe500_patoine_fjoin_2nd/resample30_pred_all_vars/resample30_all_1992.rds,130,-2.397878264
fixed_no_var,-0.277784507,0.115423038,0.025883007,E:/patoine/resampe500_patoine_fjoin_2nd/resample31_pred_all_vars/resample31_all_1992.rds,131,-4.423565496
fixed_no_var,-0.131077391,0.052727745,0.021880596,E:/patoine/resampe500_patoine_fjoin_2nd/resample32_pred_all_vars/resample32_all_1992.rds,132,-1.463552973
fixed_no_var,-0.122893893,0.044367782,0.011817165,E:/patoine/resampe500_patoine_fjoin_2nd/resample33_pred_all_vars/resample33_all_1992.rds,133,-2.318950512
fixed_no_var,-0.17264416,0.052971642,0.003927229,E:/patoine/resampe500_patoine_fjoin_2nd/resample34_pred_all_vars/resample34_all_1992.rds,134,-2.225362913
fixed_no_var,-0.209588855,0.090976929,0.032096352,E:/patoine/resampe500_patoine_fjoin_2nd/resample35_pred_all_vars/resample35_all_1992.rds,135,-2.600201578
fixed_no_var,-0.199573318,0.111111204,0.08759236,E:/patoine/resampe500_patoine_fjoin_2nd/resample36_pred_all_vars/resample36_all_1992.rds,136,-3.256007481
fixed_no_var,-0.299368665,0.129913718,0.032055969,E:/patoine/resampe500_patoine_fjoin_2nd/resample37_pred_all_vars/resample37_all_1992.rds,137,-3.782385708
fixed_no_var,-0.244780662,0.095716378,0.018777319,E:/patoine/resampe500_patoine_fjoin_2nd/resample38_pred_all_vars/resample38_all_1992.rds,138,-3.801189189
fixed_no_var,-0.126699279,0.051399284,0.02287708,E:/patoine/resampe500_patoine_fjoin_2nd/resample39_pred_all_vars/resample39_all_1992.rds,139,-1.713420368
fixed_no_var,-0.160763336,0.033362459,0.000104396,E:/patoine/resampe500_patoine_fjoin_2nd/resample4_pred_all_vars/resample4_all_1992.rds,104,-1.831394804
fixed_no_var,-0.298672047,0.118979047,0.020771729,E:/patoine/resampe500_patoine_fjoin_2nd/resample40_pred_all_vars/resample40_all_1992.rds,140,-2.385587909
fixed_no_var,-0.228449453,0.10741472,0.046073824,E:/patoine/resampe500_patoine_fjoin_2nd/resample41_pred_all_vars/resample41_all_1992.rds,141,-3.399430801
fixed_no_var,-0.056891504,0.020992136,0.013475637,E:/patoine/resampe500_patoine_fjoin_2nd/resample42_pred_all_vars/resample42_all_1992.rds,142,-2.596406953
fixed_no_var,-0.046011143,0.020023233,0.032489324,E:/patoine/resampe500_patoine_fjoin_2nd/resample43_pred_all_vars/resample43_all_1992.rds,143,-2.752465567
fixed_no_var,-0.177813115,0.092623965,0.069270885,E:/patoine/resampe500_patoine_fjoin_2nd/resample44_pred_all_vars/resample44_all_1992.rds,144,-3.463783592
fixed_no_var,-0.314874689,0.13440074,0.029592152,E:/patoine/resampe500_patoine_fjoin_2nd/resample45_pred_all_vars/resample45_all_1992.rds,145,-4.274051354
fixed_no_var,-0.2464219,0.117521902,0.048928027,E:/patoine/resampe500_patoine_fjoin_2nd/resample46_pred_all_vars/resample46_all_1992.rds,146,-3.889663643
fixed_no_var,-0.3273593,0.122757152,0.014816731,E:/patoine/resampe500_patoine_fjoin_2nd/resample47_pred_all_vars/resample47_all_1992.rds,147,-1.959665933
fixed_no_var,-0.290187884,0.161198961,0.086934643,E:/patoine/resampe500_patoine_fjoin_2nd/resample48_pred_all_vars/resample48_all_1992.rds,148,-3.023901136
fixed_no_var,-0.156072644,0.075277164,0.051276814,E:/patoine/resampe500_patoine_fjoin_2nd/resample49_pred_all_vars/resample49_all_1992.rds,149,-2.403565921
fixed_no_var,-0.108221769,0.018276179,8.61E-06,E:/patoine/resampe500_patoine_fjoin_2nd/resample5_pred_all_vars/resample5_all_1992.rds,105,-1.805876172
fixed_no_var,-0.252466787,0.114066113,0.038662181,E:/patoine/resampe500_patoine_fjoin_2nd/resample50_pred_all_vars/resample50_all_1992.rds,150,-3.255904664
fixed_no_var,-0.11812925,0.031316398,0.001197952,E:/patoine/resampe500_patoine_fjoin_2nd/resample51_pred_all_vars/resample51_all_1992.rds,151,-2.296864939
fixed_no_var,-0.269299411,0.119270617,0.035287207,E:/patoine/resampe500_patoine_fjoin_2nd/resample52_pred_all_vars/resample52_all_1992.rds,152,-2.451141989
fixed_no_var,-0.317973466,0.1466646,0.04239481,E:/patoine/resampe500_patoine_fjoin_2nd/resample53_pred_all_vars/resample53_all_1992.rds,153,-3.282456777
fixed_no_var,-0.18550729,0.070223618,0.015647426,E:/patoine/resampe500_patoine_fjoin_2nd/resample54_pred_all_vars/resample54_all_1992.rds,154,-2.559214439
fixed_no_var,-0.053149456,0.020198835,0.016003324,E:/patoine/resampe500_patoine_fjoin_2nd/resample55_pred_all_vars/resample55_all_1992.rds,155,-2.231315393
fixed_no_var,-0.354867974,0.18390771,0.067965244,E:/patoine/resampe500_patoine_fjoin_2nd/resample56_pred_all_vars/resample56_all_1992.rds,156,-2.469238204
fixed_no_var,-0.159731155,0.073133462,0.041034536,E:/patoine/resampe500_patoine_fjoin_2nd/resample57_pred_all_vars/resample57_all_1992.rds,157,-2.037335716
fixed_no_var,-0.249288799,0.123909464,0.057901645,E:/patoine/resampe500_patoine_fjoin_2nd/resample58_pred_all_vars/resample58_all_1992.rds,158,-5.398381491
fixed_no_var,-0.271656351,0.143972589,0.073781522,E:/patoine/resampe500_patoine_fjoin_2nd/resample59_pred_all_vars/resample59_all_1992.rds,159,-2.585675962
fixed_no_var,-0.19662868,0.097040081,0.056283748,E:/patoine/resampe500_patoine_fjoin_2nd/resample6_pred_all_vars/resample6_all_1992.rds,106,-3.16374659
fixed_no_var,-0.167252906,0.043525522,0.001016185,E:/patoine/resampe500_patoine_fjoin_2nd/resample60_pred_all_vars/resample60_all_1992.rds,160,-2.569409812
fixed_no_var,-0.340941299,0.165680993,0.052879228,E:/patoine/resampe500_patoine_fjoin_2nd/resample61_pred_all_vars/resample61_all_1992.rds,161,-4.198130299
fixed_no_var,-0.362751735,0.167065779,0.042113993,E:/patoine/resampe500_patoine_fjoin_2nd/resample62_pred_all_vars/resample62_all_1992.rds,162,-3.294583162
fixed_no_var,-0.374306828,0.168647766,0.038181514,E:/patoine/resampe500_patoine_fjoin_2nd/resample63_pred_all_vars/resample63_all_1992.rds,163,-3.538963752
fixed_no_var,-0.3249886,0.166274893,0.064763211,E:/patoine/resampe500_patoine_fjoin_2nd/resample64_pred_all_vars/resample64_all_1992.rds,164,-3.336178325
fixed_no_var,-0.223650989,0.121939515,0.081560437,E:/patoine/resampe500_patoine_fjoin_2nd/resample65_pred_all_vars/resample65_all_1992.rds,165,-3.741097688
fixed_no_var,-0.322372057,0.158571232,0.055543018,E:/patoine/resampe500_patoine_fjoin_2nd/resample66_pred_all_vars/resample66_all_1992.rds,166,-4.162712552
fixed_no_var,-0.339012092,0.157848486,0.044173645,E:/patoine/resampe500_patoine_fjoin_2nd/resample67_pred_all_vars/resample67_all_1992.rds,167,-4.075364909
fixed_no_var,-0.28551224,0.131038462,0.041475401,E:/patoine/resampe500_patoine_fjoin_2nd/resample68_pred_all_vars/resample68_all_1992.rds,168,-2.728836619
fixed_no_var,-0.34987219,0.145713587,0.026188421,E:/patoine/resampe500_patoine_fjoin_2nd/resample69_pred_all_vars/resample69_all_1992.rds,169,-3.483407152
fixed_no_var,-0.078950364,0.018248013,0.00032791,E:/patoine/resampe500_patoine_fjoin_2nd/resample7_pred_all_vars/resample7_all_1992.rds,107,-2.020744659
fixed_no_var,-0.145426897,0.038268758,0.00112214,E:/patoine/resampe500_patoine_fjoin_2nd/resample70_pred_all_vars/resample70_all_1992.rds,170,-2.276521096
fixed_no_var,-0.203682412,0.08175355,0.021625917,E:/patoine/resampe500_patoine_fjoin_2nd/resample71_pred_all_vars/resample71_all_1992.rds,171,-3.0792926
fixed_no_var,-0.21342958,0.08471672,0.020373786,E:/patoine/resampe500_patoine_fjoin_2nd/resample72_pred_all_vars/resample72_all_1992.rds,172,-2.441448358
fixed_no_var,-0.242988555,0.119583973,0.055656065,E:/patoine/resampe500_patoine_fjoin_2nd/resample73_pred_all_vars/resample73_all_1992.rds,173,-3.716774748
fixed_no_var,-0.113113941,0.016505682,1.17E-06,E:/patoine/resampe500_patoine_fjoin_2nd/resample74_pred_all_vars/resample74_all_1992.rds,174,-2.542762544
fixed_no_var,-0.32262247,0.168501064,0.069950335,E:/patoine/resampe500_patoine_fjoin_2nd/resample75_pred_all_vars/resample75_all_1992.rds,175,-3.96980523
fixed_no_var,-0.161447894,0.062342258,0.017512452,E:/patoine/resampe500_patoine_fjoin_2nd/resample76_pred_all_vars/resample76_all_1992.rds,176,-1.914794664
fixed_no_var,-0.088396311,0.020677075,0.000369774,E:/patoine/resampe500_patoine_fjoin_2nd/resample77_pred_all_vars/resample77_all_1992.rds,177,-2.386559038
fixed_no_var,-0.278988124,0.098019981,0.009980083,E:/patoine/resampe500_patoine_fjoin_2nd/resample78_pred_all_vars/resample78_all_1992.rds,178,-2.762656121
fixed_no_var,-0.254718585,0.161692182,0.130866922,E:/patoine/resampe500_patoine_fjoin_2nd/resample79_pred_all_vars/resample79_all_1992.rds,179,-3.186305709
fixed_no_var,-0.210244548,0.063370912,0.003434089,E:/patoine/resampe500_patoine_fjoin_2nd/resample8_pred_all_vars/resample8_all_1992.rds,108,-1.948058225
fixed_no_var,-0.172632464,0.074011161,0.030233669,E:/patoine/resampe500_patoine_fjoin_2nd/resample80_pred_all_vars/resample80_all_1992.rds,180,-1.883257732
fixed_no_var,-0.198242518,0.082750388,0.026489229,E:/patoine/resampe500_patoine_fjoin_2nd/resample81_pred_all_vars/resample81_all_1992.rds,181,-3.0328207
fixed_no_var,-0.081539769,0.0213947,0.001093532,E:/patoine/resampe500_patoine_fjoin_2nd/resample82_pred_all_vars/resample82_all_1992.rds,182,-2.352060704
fixed_no_var,-0.32679859,0.163964427,0.060071212,E:/patoine/resampe500_patoine_fjoin_2nd/resample83_pred_all_vars/resample83_all_1992.rds,183,-3.342890199
fixed_no_var,-0.252541441,0.122467672,0.052431038,E:/patoine/resampe500_patoine_fjoin_2nd/resample84_pred_all_vars/resample84_all_1992.rds,184,-3.979514627
fixed_no_var,-0.126235437,0.045200542,0.011234817,E:/patoine/resampe500_patoine_fjoin_2nd/resample85_pred_all_vars/resample85_all_1992.rds,185,-1.855039877
fixed_no_var,-0.228410667,0.10996525,0.050889391,E:/patoine/resampe500_patoine_fjoin_2nd/resample86_pred_all_vars/resample86_all_1992.rds,186,-2.363637089
fixed_no_var,-0.329180076,0.169053166,0.065690263,E:/patoine/resampe500_patoine_fjoin_2nd/resample87_pred_all_vars/resample87_all_1992.rds,187,-3.347113979
fixed_no_var,-0.104857727,0.06328772,0.11315662,E:/patoine/resampe500_patoine_fjoin_2nd/resample88_pred_all_vars/resample88_all_1992.rds,188,-1.830288543
fixed_no_var,-0.298147588,0.11990322,0.021850753,E:/patoine/resampe500_patoine_fjoin_2nd/resample89_pred_all_vars/resample89_all_1992.rds,189,-1.965773177
fixed_no_var,-0.262934678,0.105653149,0.021753596,E:/patoine/resampe500_patoine_fjoin_2nd/resample9_pred_all_vars/resample9_all_1992.rds,109,-2.362524728
fixed_no_var,0.015548468,0.018421639,0.408633707,E:/patoine/resampe500_patoine_fjoin_2nd/resample90_pred_all_vars/resample90_all_1992.rds,190,-0.806960726
fixed_no_var,-0.20324782,0.06113919,0.003381913,E:/patoine/resampe500_patoine_fjoin_2nd/resample91_pred_all_vars/resample91_all_1992.rds,191,-2.754788677
fixed_no_var,-0.128205505,0.026096447,8.40E-05,E:/patoine/resampe500_patoine_fjoin_2nd/resample92_pred_all_vars/resample92_all_1992.rds,192,-2.156849669
fixed_no_var,-0.285171054,0.129605829,0.039704718,E:/patoine/resampe500_patoine_fjoin_2nd/resample93_pred_all_vars/resample93_all_1992.rds,193,-2.704208754
fixed_no_var,-0.31731265,0.157673731,0.057833278,E:/patoine/resampe500_patoine_fjoin_2nd/resample94_pred_all_vars/resample94_all_1992.rds,194,-3.20886042
fixed_no_var,-0.218864359,0.112147652,0.065135379,E:/patoine/resampe500_patoine_fjoin_2nd/resample95_pred_all_vars/resample95_all_1992.rds,195,-2.891076413
fixed_no_var,-0.203507244,0.058316767,0.002309608,E:/patoine/resampe500_patoine_fjoin_2nd/resample96_pred_all_vars/resample96_all_1992.rds,196,-3.156846527
fixed_no_var,-0.258659713,0.111326299,0.030810767,E:/patoine/resampe500_patoine_fjoin_2nd/resample97_pred_all_vars/resample97_all_1992.rds,197,-4.524206995
fixed_no_var,-0.132248814,0.032115732,0.000534017,E:/patoine/resampe500_patoine_fjoin_2nd/resample98_pred_all_vars/resample98_all_1992.rds,198,-2.311172438
fixed_no_var,-0.285651668,0.117930538,0.025048302,E:/patoine/resampe500_patoine_fjoin_2nd/resample99_pred_all_vars/resample99_all_1992.rds,199,-3.35430161
